{"train_loss_mean": [0.5588978761136532, 0.3303861035704613, 0.25559905041754244, 0.21173024817556144, 0.1791346457824111, 0.1564335454814136, 0.13976594695448877, 0.12407471489161254, 0.10607948087900877, 0.09749783175438642], "train_loss_std": [0.1895894904288521, 0.09576204514441526, 0.07472812169897346, 0.08239857267631283, 0.07254865410102028, 0.0688674044857952, 0.0695257700523491, 0.06496054792974797, 0.06349153305162145, 0.06368171002694599], "train_accuracy_mean": [0.813799998641014, 0.903050000667572, 0.920450001001358, 0.9356500010490417, 0.9436000030040741, 0.9506500022411346, 0.9560000050067902, 0.9601000039577484, 0.9659000066518784, 0.9699000065326691], "train_accuracy_std": [0.08615137921141078, 0.05064037410967286, 0.04313406553118335, 0.04168726313877203, 0.03624969577477894, 0.03468901670195628, 0.03455430977132495, 0.03167002306800717, 0.029953133925001218, 0.027595111975062297], "train_loss_importance_vector_0_mean": [0.20000000298023224, 0.18000000715255737, 0.1599999964237213, 0.14000000059604645, 0.11999999731779099, 0.10000000149011612, 0.07999999821186066, 0.05999999865889549, 0.03999999910593033, 0.019999999552965164], "train_loss_importance_vector_0_std": [0.0, 0.0, 0.0, 0.0, 0.0, 0.0, 0.0, 0.0, 0.0, 0.0], "train_loss_importance_vector_1_mean": [0.20000000298023224, 0.18000000715255737, 0.1599999964237213, 0.14000000059604645, 0.11999999731779099, 0.10000000149011612, 0.07999999821186066, 0.05999999865889549, 0.03999999910593033, 0.019999999552965164], "train_loss_importance_vector_1_std": [0.0, 0.0, 0.0, 0.0, 0.0, 0.0, 0.0, 0.0, 0.0, 0.0], "train_loss_importance_vector_2_mean": [0.20000000298023224, 0.18000000715255737, 0.1599999964237213, 0.14000000059604645, 0.11999999731779099, 0.10000000149011612, 0.07999999821186066, 0.05999999865889549, 0.03999999910593033, 0.019999999552965164], "train_loss_importance_vector_2_std": [0.0, 0.0, 0.0, 0.0, 0.0, 0.0, 0.0, 0.0, 0.0, 0.0], "train_loss_importance_vector_3_mean": [0.20000000298023224, 0.18000000715255737, 0.1599999964237213, 0.14000000059604645, 0.11999999731779099, 0.10000000149011612, 0.07999999821186066, 0.05999999865889549, 0.03999999910593033, 0.019999999552965164], "train_loss_importance_vector_3_std": [0.0, 0.0, 0.0, 0.0, 0.0, 0.0, 0.0, 0.0, 0.0, 0.0], "train_loss_importance_vector_4_mean": [0.20000000298023224, 0.2800000011920929, 0.36000001430511475, 0.4399999976158142, 0.5199999809265137, 0.6000000238418579, 0.6800000071525574, 0.7599999904632568, 0.8399999737739563, 0.9200000166893005], "train_loss_importance_vector_4_std": [0.0, 0.0, 0.0, 0.0, 0.0, 0.0, 0.0, 0.0, 0.0, 0.0], "train_learning_rate_mean": [0.0010000000000000005, 0.0009995115550240356, 0.0009982912558975914, 0.00099658461944753, 0.0009943933295608763, 0.000991719548418466, 0.0009885659143607812, 0.000984935539283863, 0.0009808320055678876, 0.0009762593625414189], "train_learning_rate_std": [4.336808689942018e-19, 2.168404344971009e-19, 0.0, 0.0, 0.0, 2.168404344971009e-19, 2.168404344971009e-19, 2.168404344971009e-19, 2.168404344971009e-19, 0.0], "val_loss_mean": [0.4479622403780619, 0.35809868315855664, 0.3059817618131638, 0.2502774565418561, 0.21351500004529952, 0.2056785489122073, 0.18109125554561614, 0.17990688636898994, 0.14305942398806412, 0.1374237476537625], "val_loss_std": [0.10012270370547821, 0.09476365775455282, 0.0980746484773496, 0.09194521687424857, 0.08808728790350132, 0.08707600634050128, 0.07599581573190822, 0.08564405585970866, 0.08338869823951586, 0.06897454232981987], "val_accuracy_mean": [0.8610000030199687, 0.8843333347638448, 0.9013333320617676, 0.9169999988873799, 0.9246666685740152, 0.931333335240682, 0.9386666703224182, 0.9406666668256124, 0.9513333368301392, 0.9533333388964335], "val_accuracy_std": [0.0490306028214405, 0.05813394424277381, 0.04828618039577564, 0.045489925341600644, 0.04051611625065559, 0.038964372409574725, 0.03518838434066515, 0.03310925090359461, 0.033139442152162975, 0.028963586390263838], "val_loss_importance_vector_0_mean": [0.20000000298023224, 0.18000000715255737, 0.1599999964237213, 0.14000000059604645, 0.11999999731779099, 0.10000000149011612, 0.07999999821186066, 0.05999999865889549, 0.03999999910593033, 0.019999999552965164], "val_loss_importance_vector_0_std": [0.0, 0.0, 0.0, 0.0, 0.0, 0.0, 0.0, 0.0, 0.0, 0.0], "val_loss_importance_vector_1_mean": [0.20000000298023224, 0.18000000715255737, 0.1599999964237213, 0.14000000059604645, 0.11999999731779099, 0.10000000149011612, 0.07999999821186066, 0.05999999865889549, 0.03999999910593033, 0.019999999552965164], "val_loss_importance_vector_1_std": [0.0, 0.0, 0.0, 0.0, 0.0, 0.0, 0.0, 0.0, 0.0, 0.0], "val_loss_importance_vector_2_mean": [0.20000000298023224, 0.18000000715255737, 0.1599999964237213, 0.14000000059604645, 0.11999999731779099, 0.10000000149011612, 0.07999999821186066, 0.05999999865889549, 0.03999999910593033, 0.019999999552965164], "val_loss_importance_vector_2_std": [0.0, 0.0, 0.0, 0.0, 0.0, 0.0, 0.0, 0.0, 0.0, 0.0], "val_loss_importance_vector_3_mean": [0.20000000298023224, 0.18000000715255737, 0.1599999964237213, 0.14000000059604645, 0.11999999731779099, 0.10000000149011612, 0.07999999821186066, 0.05999999865889549, 0.03999999910593033, 0.019999999552965164], "val_loss_importance_vector_3_std": [0.0, 0.0, 0.0, 0.0, 0.0, 0.0, 0.0, 0.0, 0.0, 0.0], "val_loss_importance_vector_4_mean": [0.20000000298023224, 0.2800000011920929, 0.36000001430511475, 0.4399999976158142, 0.5199999809265137, 0.6000000238418579, 0.6800000071525574, 0.7599999904632568, 0.8399999737739563, 0.9200000166893005], "val_loss_importance_vector_4_std": [0.0, 0.0, 0.0, 0.0, 0.0, 0.0, 0.0, 0.0, 0.0, 0.0]}